<?xml version="1.0" encoding="UTF-8"?>
<project-private xmlns="http://www.netbeans.org/ns/project-private/1">
    <editor-bookmarks xmlns="http://www.netbeans.org/ns/editor-bookmarks/2" lastBookmarkId="0"/>
    <open-files xmlns="http://www.netbeans.org/ns/projectui-open-files/2">
        <group>
            <file>file:/C:/wamp64/www/PhpProject1/css/navbar.css</file>
            <file>file:/C:/wamp64/www/PhpProject1/functions/smartsearch.html</file>
            <file>file:/C:/wamp64/www/PhpProject1/functions/saveme.php</file>
            <file>file:/C:/wamp64/www/PhpProject1/functions/settime.php</file>
            <file>file:/C:/wamp64/www/PhpProject1/functions/maps.php</file>
        </group>
    </open-files>
</project-private>
